名前,ふりがな,性別,年齢,誕生日
宇田川 正義,うだがわ まさよし,0,79,1938/11/13
柴崎 勇一,しばざき ゆういち,0,23,1994/11/29
長浜 まさみ,ながはま まさみ,1,58,1959/8/18
松村 マサカズ,まつむら まさかず,0,24,1994/6/1
瀬川 礼子,せがわ れいこ,1,59,1959/3/14
朝倉 ひとみ,あさくら ひとみ,1,77,1941/2/22
鬼頭 恵梨香,きとう えりか,1,50,1967/11/22
多部 竜也,たべ たつや,0,22,1996/5/19
田口 瞳,たぐち ひとみ,1,46,1972/1/20
吹石 美佐,ふきいし みさ,1,63,1955/3/25
西尾 豊,にしお ゆたか,0,59,1959/2/9
志村 奈央,しむら なお,1,48,1970/1/28
細山 えみ,ほそやま えみ,1,41,1976/11/3
永野 恵梨香,ながの えりか,1,48,1970/6/26
森永 恵望子,もりなが えみこ,1,28,1990/4/15
大石 里穂,おおいし りほ,1,45,1973/6/3
牧野 勤,まきの つとむ,0,29,1988/8/13
関 佑,せき たすく,0,55,1963/2/22
柳川 美佐子,やながわ みさこ,1,75,1943/1/12
伊集院 耕司,いじゅういん こうじ,0,67,1950/8/18
小日向 人志,こひなた ひとし,0,23,1995/4/14
金山 建,かなやま けん,0,40,1978/1/19
筧 研二,かけい けんじ,0,33,1985/5/1
香川 淳,かがわ あつし,0,40,1977/11/5
米山 寿々花,よねやま すずか,1,51,1967/7/17
千田 和之,せんだ かずゆき,0,20,1997/8/22
多部 雅彦,たべ まさひこ,0,77,1940/7/31
島 由樹,しま ゆき,1,79,1938/11/15
吉村 美帆,よしむら みほ,1,44,1973/9/6
平松 秀隆,ひらまつ ひでたか,0,22,1996/6/30
川中 ジローラモ,かわなか じろーらも,0,75,1942/11/30
邑野 陽子,むらの ようこ,1,77,1940/12/9
脇田 朝香,わきた あさか,1,38,1979/11/21
和田 明慶,わだ あきよし,0,41,1976/10/5
玉木 千佳子,たまき ちかこ,1,55,1963/4/4
小沼 恵美,こぬま めぐみ,1,33,1985/7/19
島 智花,しま ともか,1,61,1956/8/31
塚原 精児,つかはら せいじ,0,51,1967/6/28
宇都宮 翔,うつのみや しょう,0,61,1956/9/3
山内 豊,やまのうち ゆたか,0,24,1994/6/3
大野 兼,おおの けん,0,53,1965/1/16
菊田 未來,きくた みらい,1,69,1949/2/5
菅 明慶,すが あきよし,0,72,1945/9/30
井村 扶樹,いむら もとき,0,48,1970/1/15
竹本 真悠子,たけもと まゆこ,1,22,1996/5/15
宇田川 サンタマリア,うだがわ さんたまりあ,1,52,1966/5/10
斉藤 まひる,さいとう まひる,1,30,1988/4/17
坂本 恵子,さかもと けいこ,1,54,1964/2/5
小沼 真悠子,こぬま まゆこ,1,37,1981/2/6
板倉 昴,いたくら すばる,0,42,1975/8/15
